Year,Month,ONI
1998,Jan,2.2
1998,Feb,2.1
1998,Mar,1.9
1998,Apr,1.6
1998,May,1.3
1998,Jun,1.0
1998,Jul,0.7
1998,Aug,0.4
1998,Sep,0.1
1998,Oct,-0.2
1998,Nov,-0.5
1998,Dec,-0.7
2015,Jan,0.5
2015,Feb,0.6
2015,Mar,0.8
2015,Apr,1.0
2015,May,1.2
2015,Jun,1.4
2015,Jul,1.6
2015,Aug,1.9
2015,Sep,2.1
2015,Oct,2.3
2015,Nov,2.5
2015,Dec,2.6
2024,Jan,1.9
2024,Feb,1.8
2024,Mar,1.6
2024,Apr,1.3
2024,May,1.0
2024,Jun,0.7
2024,Jul,0.4
2024,Aug,0.2
2024,Sep,0.0
2024,Oct,-0.2
2024,Nov,-0.4
2024,Dec,-0.5
2026,Jan,0.7
2026,Feb,0.8
2026,Mar,0.9
2026,Apr,1.0
2026,May,1.1
2026,Jun,1.2
2026,Jul,1.3
2026,Aug,1.4
2026,Sep,1.5
2026,Oct,1.5
2026,Nov,1.4
2026,Dec,1.3
