temperature,humidity,rainfall,wind_speed,heat_risk
24.1,72.3,55.2,14.5,Low
25.6,68.4,48.7,13.2,Low
22.8,80.1,62.4,16.8,Low
27.3,65.9,41.3,12.1,Low
23.5,75.6,58.9,15.4,Low
26.1,70.2,44.6,11.9,Low
21.9,82.4,67.1,17.3,Low
28.4,63.7,38.2,10.8,Low
24.7,74.8,52.6,14.1,Low
20.3,85.2,71.4,18.6,Low
27.8,66.5,43.8,12.7,Low
23.1,78.9,60.3,15.9,Low
25.2,71.4,49.5,13.6,Low
22.4,81.7,64.8,16.2,Low
26.8,67.3,42.1,11.4,Low
29.1,62.8,36.7,10.3,Low
21.5,83.6,69.2,17.8,Low
24.9,73.1,53.4,14.7,Low
28.7,64.2,39.6,11.1,Low
20.8,84.5,70.8,18.2,Low
23.6,77.4,57.3,15.1,Low
26.4,69.8,45.9,12.4,Low
22.1,80.6,63.7,16.5,Low
27.5,66.1,41.8,11.7,Low
25.8,70.9,47.2,13.4,Low
29.4,61.5,35.4,10.1,Low
21.2,84.1,68.6,17.6,Low
24.3,73.7,54.1,14.3,Low
28.1,65.4,40.3,11.5,Low
20.6,85.8,72.1,18.9,Low
23.9,76.2,56.8,15.6,Low
26.7,68.6,43.4,12.2,Low
22.6,79.3,61.5,16.1,Low
27.1,67.8,42.7,12.8,Low
25.4,71.6,50.1,13.8,Low
29.7,60.9,34.8,9.8,Low
21.7,83.2,66.9,17.1,Low
24.5,74.4,53.8,14.6,Low
28.9,63.1,37.4,10.6,Low
20.1,86.3,73.5,19.2,Low
23.3,78.1,59.6,15.7,Low
26.2,69.4,44.2,12.3,Low
22.9,80.8,64.3,16.4,Low
27.6,65.7,41.1,11.6,Low
25.1,72.2,51.4,14.2,Low
29.2,62.3,36.1,10.2,Low
21.4,83.9,68.1,17.5,Low
24.8,73.5,54.7,14.8,Low
28.3,64.8,39.1,11.2,Low
20.5,85.1,71.6,18.7,Low
30.2,58.4,22.3,9.6,Medium
31.8,54.7,18.6,8.4,Medium
33.4,51.2,14.9,7.1,Medium
35.1,47.8,11.3,6.3,Medium
30.9,56.3,20.7,9.1,Medium
32.5,53.1,16.8,7.8,Medium
34.2,49.6,13.1,6.7,Medium
31.3,55.8,19.4,8.9,Medium
33.7,50.4,15.6,7.4,Medium
35.6,46.9,10.8,5.9,Medium
30.6,57.2,21.5,9.4,Medium
32.1,52.6,17.3,8.1,Medium
34.8,48.3,12.4,6.5,Medium
31.6,54.9,18.9,8.6,Medium
33.2,51.7,15.2,7.2,Medium
35.9,45.8,9.7,5.6,Medium
30.4,58.1,22.8,9.8,Medium
32.8,52.3,16.4,7.9,Medium
34.5,49.1,12.8,6.6,Medium
31.1,56.7,20.1,9.2,Medium
33.9,50.8,14.7,7.3,Medium
35.3,47.2,11.6,6.1,Medium
30.7,57.6,21.2,9.3,Medium
32.3,53.4,17.6,8.2,Medium
34.1,49.8,13.4,6.8,Medium
31.5,55.3,19.7,8.8,Medium
33.6,51.4,15.8,7.5,Medium
35.7,46.4,10.3,5.8,Medium
30.3,58.7,23.1,9.7,Medium
32.6,52.8,16.9,8.0,Medium
34.7,48.6,12.6,6.4,Medium
31.4,55.6,19.1,8.7,Medium
33.1,52.1,16.1,7.6,Medium
35.4,47.5,11.1,6.0,Medium
30.8,56.9,20.9,9.0,Medium
32.4,53.7,17.1,8.3,Medium
34.4,49.3,13.7,6.9,Medium
31.7,54.4,18.3,8.5,Medium
33.8,50.6,14.4,7.1,Medium
35.8,46.1,10.1,5.7,Medium
30.1,59.2,23.6,9.9,Medium
32.9,52.1,16.2,7.7,Medium
34.9,48.1,12.2,6.3,Medium
31.2,56.2,20.4,9.1,Medium
33.3,51.9,15.4,7.4,Medium
35.2,47.1,11.4,6.2,Medium
30.5,57.8,21.8,9.5,Medium
32.2,53.2,17.4,8.1,Medium
34.3,49.4,13.2,6.7,Medium
31.9,54.1,18.1,8.4,Medium
33.5,51.1,15.1,7.3,Medium
36.2,43.8,7.4,5.2,High
37.8,40.1,4.8,4.1,High
39.4,36.7,2.3,3.2,High
38.6,38.4,3.6,3.7,High
36.9,42.3,6.1,4.8,High
38.1,39.6,4.2,4.3,High
40.3,34.9,1.8,2.8,High
37.2,41.5,5.7,4.6,High
39.1,37.3,3.1,3.4,High
36.5,44.2,7.9,5.4,High
38.8,38.9,3.9,3.9,High
40.6,33.7,1.4,2.5,High
37.5,40.8,5.2,4.4,High
39.7,36.1,2.7,3.1,High
36.8,43.1,6.8,5.1,High
38.3,39.2,4.4,4.2,High
40.1,35.4,2.1,2.9,High
37.1,41.9,5.9,4.7,High
39.3,37.6,3.3,3.5,High
36.4,44.7,8.2,5.6,High
38.7,39.4,4.1,4.0,High
40.5,34.2,1.6,2.6,High
37.4,41.2,5.4,4.5,High
39.6,36.4,2.9,3.3,High
36.7,43.6,7.1,5.2,High
38.2,39.8,4.6,4.3,High
40.2,35.1,1.9,2.7,High
37.3,41.7,5.6,4.6,High
39.2,37.1,3.2,3.4,High
36.3,44.9,8.4,5.7,High
38.9,38.7,3.8,3.8,High
40.7,33.4,1.3,2.4,High
37.6,40.6,5.1,4.4,High
39.8,35.9,2.6,3.0,High
36.6,43.4,6.9,5.1,High
38.4,39.1,4.3,4.1,High
40.4,34.6,1.7,2.6,High
37.7,40.3,4.9,4.3,High
39.5,36.6,2.8,3.2,High
36.1,45.1,8.6,5.8,High
38.5,39.3,4.2,4.1,High
40.8,33.1,1.2,2.3,High
37.9,40.4,5.0,4.4,High
39.9,35.7,2.5,3.0,High
36.0,45.4,8.8,5.9,High
38.0,39.9,4.7,4.3,High
40.0,35.2,2.0,2.8,High
37.0,42.1,6.0,4.8,High
39.0,37.8,3.4,3.6,High
36.9,43.3,7.0,5.2,High
41.3,32.4,3.8,2.6,Critical
42.9,29.1,2.1,2.1,Critical
44.5,25.7,0.8,1.4,Critical
46.1,22.3,0.3,0.8,Critical
43.7,27.4,1.4,1.8,Critical
45.3,23.8,0.5,1.1,Critical
41.8,31.6,3.2,2.4,Critical
43.2,28.7,1.9,2.0,Critical
44.8,24.9,0.7,1.3,Critical
46.4,21.6,0.2,0.6,Critical
42.1,31.1,3.5,2.5,Critical
43.6,27.9,1.6,1.9,Critical
45.1,24.2,0.6,1.2,Critical
41.6,32.8,4.1,2.7,Critical
43.4,28.3,1.8,2.0,Critical
44.9,24.6,0.6,1.2,Critical
46.2,22.1,0.3,0.7,Critical
42.4,30.4,2.8,2.3,Critical
43.9,27.2,1.5,1.8,Critical
45.6,23.4,0.4,1.0,Critical
41.4,32.1,3.6,2.6,Critical
43.1,29.4,2.2,2.2,Critical
44.6,25.4,0.9,1.5,Critical
46.3,21.9,0.2,0.7,Critical
42.7,29.8,2.5,2.2,Critical
44.2,26.7,1.2,1.7,Critical
45.8,23.1,0.4,0.9,Critical
41.9,31.3,3.3,2.4,Critical
43.3,28.5,1.7,1.9,Critical
44.7,25.1,0.8,1.4,Critical
46.5,21.3,0.1,0.5,Critical
42.2,30.8,3.0,2.3,Critical
43.8,27.6,1.6,1.8,Critical
45.4,23.6,0.5,1.1,Critical
41.7,32.5,3.9,2.7,Critical
43.5,28.1,1.8,1.9,Critical
45.2,24.4,0.6,1.2,Critical
46.6,20.8,0.1,0.4,Critical
42.6,30.1,2.7,2.2,Critical
43.7,27.7,1.5,1.8,Critical
