State,Year,Average LST (°C),Heat Risk
Andaman and Nicobar,2021,26.85,Low
Andhra Pradesh,2021,33.44,High
Arunachal Pradesh,2021,22.02,Low
Assam,2021,27.09,Low
Bihar,2021,29.12,Moderate
Chandigarh,2021,29.55,Moderate
Chhattisgarh,2021,31.18,Moderate
Dadra and Nagar Haveli,2021,34.07,High
Daman and Diu,2021,34.43,High
Delhi,2021,29.42,Moderate
Goa,2021,30.42,Moderate
Gujarat,2021,35.12,High
Haryana,2021,29.92,Moderate
Himachal Pradesh,2021,13.85,Low
Jharkhand,2021,30.26,Moderate
Karnataka,2021,32.94,High
Kerala,2021,28.98,Moderate
Lakshadweep,2021,28.38,Moderate
Madhya Pradesh,2021,33.71,High
Maharashtra,2021,34.86,High
Manipur,2021,23.58,Low
Meghalaya,2021,25.06,Low
Mizoram,2021,25.22,Low
Nagaland,2021,23.15,Low
Orissa,2021,30.62,Moderate
Puducherry,2021,32.68,High
Punjab,2021,28.82,Moderate
Rajasthan,2021,36.17,High
Sikkim,2021,10.38,Low
Tamil Nadu,2021,33.71,High
Tripura,2021,27.59,Low
Uttar Pradesh,2021,30.11,Moderate
Uttarakhand,2021,17.85,Low
West Bengal,2021,28.66,Moderate
