season,year,total_sst,oni,phase
DJF,1950,25.01,-1.32,La Niña
JFM,1950,25.36,-1.2,La Niña
FMA,1950,25.88,-1.12,La Niña
MAM,1950,26.24,-1.08,La Niña
AMJ,1950,26.35,-1.1,La Niña
MJJ,1950,26.32,-0.9,La Niña
JJA,1950,26.24,-0.62,La Niña
JAS,1950,25.94,-0.57,La Niña
ASO,1950,25.76,-0.56,La Niña
SON,1950,25.6,-0.62,La Niña
OND,1950,25.55,-0.66,La Niña
NDJ,1950,25.41,-0.79,La Niña
DJF,1951,25.67,-0.66,La Niña
JFM,1951,26.2,-0.36,Neutral
FMA,1951,26.96,-0.04,Neutral
MAM,1951,27.48,0.16,Neutral
AMJ,1951,27.72,0.27,Neutral
MJJ,1951,27.72,0.5,El Niño
JJA,1951,27.57,0.71,El Niño
JAS,1951,27.41,0.9,El Niño
ASO,1951,27.34,1.02,El Niño
SON,1951,27.25,1.03,El Niño
OND,1951,27.18,0.96,El Niño
NDJ,1951,26.91,0.71,El Niño
DJF,1952,26.86,0.52,El Niño
JFM,1952,26.82,0.27,Neutral
FMA,1952,27.33,0.33,Neutral
MAM,1952,27.5,0.18,Neutral
AMJ,1952,27.38,-0.07,Neutral
MJJ,1952,26.78,-0.44,Neutral
JJA,1952,26.41,-0.45,Neutral
JAS,1952,26.31,-0.2,Neutral
ASO,1952,26.35,0.03,Neutral
SON,1952,26.26,0.04,Neutral
OND,1952,26.11,-0.11,Neutral
NDJ,1952,26.25,0.06,Neutral
DJF,1953,26.58,0.25,Neutral
JFM,1953,27.06,0.5,El Niño
FMA,1953,27.48,0.48,Neutral
MAM,1953,27.88,0.56,El Niño
AMJ,1953,28.22,0.77,El Niño
MJJ,1953,27.96,0.74,El Niño
JJA,1953,27.49,0.63,El Niño
JAS,1953,27.19,0.68,El Niño
ASO,1953,26.91,0.59,El Niño
SON,1953,27.0,0.78,El Niño
OND,1953,26.74,0.52,El Niño
NDJ,1953,26.76,0.56,El Niño
DJF,1954,26.74,0.41,Neutral
JFM,1954,26.91,0.35,Neutral
FMA,1954,27.01,0.01,Neutral
MAM,1954,27.04,-0.27,Neutral
AMJ,1954,26.97,-0.48,Neutral
MJJ,1954,26.74,-0.48,Neutral
JJA,1954,26.18,-0.67,La Niña
JAS,1954,25.68,-0.83,La Niña
ASO,1954,25.58,-0.73,La Niña
SON,1954,25.7,-0.52,La Niña
OND,1954,25.82,-0.4,Neutral
NDJ,1954,25.76,-0.44,Neutral
DJF,1955,25.83,-0.5,La Niña
JFM,1955,26.08,-0.48,Neutral
FMA,1955,26.42,-0.58,La Niña
MAM,1955,26.56,-0.76,La Niña
AMJ,1955,26.67,-0.78,La Niña
MJJ,1955,26.34,-0.88,La Niña
JJA,1955,26.13,-0.72,La Niña
JAS,1955,25.59,-0.92,La Niña
ASO,1955,25.21,-1.11,La Niña
SON,1955,24.78,-1.44,La Niña
OND,1955,24.63,-1.59,La Niña
NDJ,1955,24.73,-1.51,La Niña
DJF,1956,25.2,-1.17,La Niña
JFM,1956,25.82,-0.81,La Niña
FMA,1956,26.47,-0.57,La Niña
MAM,1956,26.84,-0.51,La Niña
AMJ,1956,27.0,-0.49,Neutral
MJJ,1956,26.81,-0.47,Neutral
JJA,1956,26.37,-0.55,La Niña
JAS,1956,26.02,-0.52,La Niña
ASO,1956,25.9,-0.43,Neutral
SON,1956,25.85,-0.39,Neutral
OND,1956,25.87,-0.37,Neutral
NDJ,1956,25.87,-0.39,Neutral
DJF,1957,26.11,-0.27,Neutral
JFM,1957,26.57,-0.06,Neutral
FMA,1957,27.3,0.26,Neutral
MAM,1957,27.99,0.63,El Niño
AMJ,1957,28.21,0.72,El Niño
MJJ,1957,28.09,0.82,El Niño
JJA,1957,27.88,0.96,El Niño
JAS,1957,27.57,1.03,El Niño
ASO,1957,27.45,1.12,El Niño
SON,1957,27.38,1.15,El Niño
OND,1957,27.63,1.39,El Niño
NDJ,1957,27.87,1.62,El Niño
DJF,1958,28.07,1.69,El Niño
JFM,1958,28.21,1.59,El Niño
FMA,1958,28.21,1.17,El Niño
MAM,1958,28.2,0.84,El Niño
AMJ,1958,28.06,0.57,El Niño
MJJ,1958,27.77,0.49,Neutral
JJA,1958,27.36,0.43,Neutral
JAS,1958,26.86,0.32,Neutral
ASO,1958,26.61,0.28,Neutral
SON,1958,26.53,0.3,Neutral
OND,1958,26.6,0.36,Neutral
NDJ,1958,26.82,0.56,El Niño
DJF,1959,26.99,0.6,El Niño
JFM,1959,27.27,0.64,El Niño
FMA,1959,27.51,0.48,Neutral
MAM,1959,27.75,0.39,Neutral
AMJ,1959,27.73,0.24,Neutral
MJJ,1959,27.29,0.02,Neutral
JJA,1959,26.74,-0.19,Neutral
JAS,1959,26.31,-0.23,Neutral
ASO,1959,26.29,-0.04,Neutral
SON,1959,26.34,0.11,Neutral
OND,1959,26.47,0.23,Neutral
NDJ,1959,26.4,0.14,Neutral
DJF,1960,26.4,0.02,Neutral
JFM,1960,26.65,0.03,Neutral
FMA,1960,27.1,0.06,Neutral
MAM,1960,27.52,0.17,Neutral
AMJ,1960,27.53,0.04,Neutral
MJJ,1960,27.27,0.0,Neutral
JJA,1960,26.93,0.01,Neutral
JAS,1960,26.69,0.15,Neutral
ASO,1960,26.52,0.19,Neutral
SON,1960,26.32,0.08,Neutral
OND,1960,26.17,-0.07,Neutral
NDJ,1960,26.16,-0.07,Neutral
DJF,1961,26.34,0.0,Neutral
JFM,1961,26.6,0.03,Neutral
FMA,1961,26.98,0.01,Neutral
MAM,1961,27.33,0.05,Neutral
AMJ,1961,27.62,0.22,Neutral
MJJ,1961,27.41,0.22,Neutral
JJA,1961,26.94,0.08,Neutral
JAS,1961,26.32,-0.2,Neutral
ASO,1961,26.01,-0.32,Neutral
SON,1961,26.02,-0.22,Neutral
OND,1961,26.09,-0.11,Neutral
NDJ,1961,26.14,-0.05,Neutral
DJF,1962,26.16,-0.16,Neutral
JFM,1962,26.4,-0.17,Neutral
FMA,1962,26.83,-0.15,Neutral
MAM,1962,27.09,-0.2,Neutral
AMJ,1962,27.21,-0.19,Neutral
MJJ,1962,27.06,-0.13,Neutral
JJA,1962,26.85,0.0,Neutral
JAS,1962,26.42,-0.1,Neutral
ASO,1962,26.17,-0.16,Neutral
SON,1962,25.98,-0.25,Neutral
OND,1962,25.95,-0.25,Neutral
NDJ,1962,25.87,-0.32,Neutral
DJF,1963,25.98,-0.33,Neutral
JFM,1963,26.4,-0.17,Neutral
FMA,1963,26.99,0.01,Neutral
MAM,1963,27.41,0.13,Neutral
AMJ,1963,27.52,0.12,Neutral
MJJ,1963,27.64,0.45,Neutral
JJA,1963,27.61,0.76,El Niño
JAS,1963,27.61,1.09,El Niño
ASO,1963,27.42,1.09,El Niño
SON,1963,27.37,1.13,El Niño
OND,1963,27.39,1.19,El Niño
NDJ,1963,27.33,1.13,El Niño
DJF,1964,27.26,0.95,El Niño
JFM,1964,27.09,0.52,El Niño
FMA,1964,27.04,0.06,Neutral
MAM,1964,26.93,-0.35,Neutral
AMJ,1964,26.8,-0.6,La Niña
MJJ,1964,26.53,-0.66,La Niña
JJA,1964,26.19,-0.67,La Niña
JAS,1964,25.82,-0.7,La Niña
ASO,1964,25.6,-0.72,La Niña
SON,1964,25.44,-0.8,La Niña
OND,1964,25.41,-0.79,La Niña
NDJ,1964,25.45,-0.75,La Niña
DJF,1965,25.8,-0.51,La Niña
JFM,1965,26.32,-0.25,Neutral
FMA,1965,26.93,-0.04,Neutral
MAM,1965,27.45,0.16,Neutral
AMJ,1965,27.86,0.47,Neutral
MJJ,1965,27.98,0.79,El Niño
JJA,1965,27.95,1.1,El Niño
JAS,1965,27.79,1.27,El Niño
ASO,1965,27.87,1.55,El Niño
SON,1965,27.93,1.7,El Niño
OND,1965,28.02,1.82,El Niño
NDJ,1965,27.83,1.6,El Niño
DJF,1966,27.61,1.24,El Niño
JFM,1966,27.6,0.95,El Niño
FMA,1966,27.79,0.76,El Niño
MAM,1966,27.77,0.43,Neutral
AMJ,1966,27.68,0.24,Neutral
MJJ,1966,27.44,0.18,Neutral
JJA,1966,27.18,0.25,Neutral
JAS,1966,26.73,0.13,Neutral
ASO,1966,26.34,-0.09,Neutral
SON,1966,26.27,-0.12,Neutral
OND,1966,26.17,-0.23,Neutral
NDJ,1966,26.02,-0.35,Neutral
DJF,1967,25.97,-0.46,Neutral
JFM,1967,26.18,-0.48,Neutral
FMA,1967,26.53,-0.5,La Niña
MAM,1967,26.97,-0.37,Neutral
AMJ,1967,27.3,-0.15,Neutral
MJJ,1967,27.31,0.05,Neutral
JJA,1967,26.92,-0.02,Neutral
JAS,1967,26.33,-0.26,Neutral
ASO,1967,26.03,-0.4,Neutral
SON,1967,25.99,-0.4,Neutral
OND,1967,26.03,-0.36,Neutral
NDJ,1967,25.95,-0.42,Neutral
DJF,1968,25.81,-0.62,La Niña
JFM,1968,25.92,-0.73,La Niña
FMA,1968,26.41,-0.63,La Niña
MAM,1968,26.85,-0.48,Neutral
AMJ,1968,27.35,-0.1,Neutral
MJJ,1968,27.43,0.17,Neutral
JJA,1968,27.37,0.44,Neutral
JAS,1968,26.97,0.38,Neutral
ASO,1968,26.78,0.34,Neutral
SON,1968,26.9,0.5,El Niño
OND,1968,27.06,0.66,El Niño
NDJ,1968,27.3,0.93,El Niño
DJF,1969,27.42,0.98,El Niño
JFM,1969,27.63,0.98,El Niño
FMA,1969,27.8,0.77,El Niño
MAM,1969,28.02,0.69,El Niño
AMJ,1969,28.06,0.62,El Niño
MJJ,1969,27.74,0.48,Neutral
JJA,1969,27.3,0.37,Neutral
JAS,1969,27.0,0.41,Neutral
ASO,1969,27.04,0.61,El Niño
SON,1969,27.11,0.71,El Niño
OND,1969,27.21,0.81,El Niño
NDJ,1969,27.08,0.71,El Niño
DJF,1970,26.89,0.46,Neutral
JFM,1970,26.89,0.23,Neutral
FMA,1970,27.27,0.23,Neutral
MAM,1970,27.61,0.28,Neutral
AMJ,1970,27.56,0.11,Neutral
MJJ,1970,27.0,-0.26,Neutral
JJA,1970,26.38,-0.55,La Niña
JAS,1970,25.88,-0.72,La Niña
ASO,1970,25.74,-0.69,La Niña
SON,1970,25.67,-0.72,La Niña
OND,1970,25.61,-0.78,La Niña
NDJ,1970,25.29,-1.1,La Niña
DJF,1971,25.17,-1.29,La Niña
JFM,1971,25.34,-1.36,La Niña
FMA,1971,25.97,-1.08,La Niña
MAM,1971,26.55,-0.81,La Niña
AMJ,1971,26.76,-0.72,La Niña
MJJ,1971,26.62,-0.69,La Niña
JJA,1971,26.3,-0.68,La Niña
JAS,1971,26.05,-0.6,La Niña
ASO,1971,25.81,-0.68,La Niña
SON,1971,25.68,-0.78,La Niña
OND,1971,25.59,-0.86,La Niña
NDJ,1971,25.65,-0.78,La Niña
DJF,1972,25.92,-0.57,La Niña
JFM,1972,26.42,-0.27,Neutral
FMA,1972,27.09,0.04,Neutral
MAM,1972,27.61,0.25,Neutral
AMJ,1972,27.96,0.48,Neutral
MJJ,1972,28.0,0.7,El Niño
JJA,1972,27.98,1.0,El Niño
JAS,1972,27.91,1.26,El Niño
ASO,1972,27.98,1.49,El Niño
SON,1972,28.14,1.69,El Niño
OND,1972,28.3,1.84,El Niño
NDJ,1972,28.2,1.77,El Niño
DJF,1973,28.03,1.55,El Niño
JFM,1973,27.82,1.13,El Niño
FMA,1973,27.61,0.56,El Niño
MAM,1973,27.33,-0.03,Neutral
AMJ,1973,26.97,-0.51,La Niña
MJJ,1973,26.51,-0.8,La Niña
JJA,1973,25.99,-0.99,La Niña
JAS,1973,25.54,-1.11,La Niña
ASO,1973,25.23,-1.26,La Niña
SON,1973,24.87,-1.58,La Niña
OND,1973,24.57,-1.89,La Niña
NDJ,1973,24.39,-2.04,La Niña
DJF,1974,24.61,-1.87,La Niña
JFM,1974,25.1,-1.59,La Niña
FMA,1974,25.82,-1.24,La Niña
MAM,1974,26.37,-0.99,La Niña
AMJ,1974,26.77,-0.71,La Niña
MJJ,1974,26.67,-0.64,La Niña
JJA,1974,26.52,-0.46,Neutral
JAS,1974,26.25,-0.4,Neutral
ASO,1974,26.02,-0.47,Neutral
SON,1974,25.76,-0.69,La Niña
OND,1974,25.57,-0.88,La Niña
NDJ,1974,25.72,-0.71,La Niña
DJF,1975,25.92,-0.56,La Niña
JFM,1975,26.15,-0.55,La Niña
FMA,1975,26.44,-0.61,La Niña
MAM,1975,26.7,-0.66,La Niña
AMJ,1975,26.68,-0.8,La Niña
MJJ,1975,26.39,-0.92,La Niña
JJA,1975,25.9,-1.08,La Niña
JAS,1975,25.54,-1.12,La Niña
ASO,1975,25.2,-1.29,La Niña
SON,1975,25.14,-1.32,La Niña
OND,1975,24.98,-1.47,La Niña
NDJ,1975,24.84,-1.58,La Niña
DJF,1976,24.98,-1.49,La Niña
JFM,1976,25.55,-1.11,La Niña
FMA,1976,26.37,-0.65,La Niña
MAM,1976,26.87,-0.45,Neutral
AMJ,1976,27.21,-0.23,Neutral
MJJ,1976,27.28,0.0,Neutral
JJA,1976,27.21,0.23,Neutral
JAS,1976,27.09,0.4,Neutral
ASO,1976,27.13,0.6,El Niño
SON,1976,27.28,0.79,El Niño
OND,1976,27.28,0.81,El Niño
NDJ,1976,27.28,0.84,El Niño
DJF,1977,27.19,0.71,El Niño
JFM,1977,27.33,0.66,El Niño
FMA,1977,27.35,0.33,Neutral
MAM,1977,27.58,0.26,Neutral
AMJ,1977,27.7,0.26,Neutral
MJJ,1977,27.75,0.46,Neutral
JJA,1977,27.37,0.39,Neutral
JAS,1977,27.04,0.35,Neutral
ASO,1977,26.97,0.45,Neutral
SON,1977,27.17,0.68,El Niño
OND,1977,27.31,0.84,El Niño
NDJ,1977,27.25,0.82,El Niño
DJF,1978,27.18,0.71,El Niño
JFM,1978,27.19,0.52,El Niño
FMA,1978,27.19,0.17,Neutral
MAM,1978,27.26,-0.06,Neutral
AMJ,1978,27.17,-0.28,Neutral
MJJ,1978,27.05,-0.24,Neutral
JJA,1978,26.61,-0.37,Neutral
JAS,1978,26.32,-0.37,Neutral
ASO,1978,26.08,-0.44,Neutral
SON,1978,26.22,-0.27,Neutral
OND,1978,26.4,-0.07,Neutral
NDJ,1978,26.54,0.11,Neutral
DJF,1979,26.67,0.19,Neutral
JFM,1979,26.88,0.21,Neutral
FMA,1979,27.31,0.29,Neutral
MAM,1979,27.64,0.32,Neutral
AMJ,1979,27.73,0.29,Neutral
MJJ,1979,27.43,0.14,Neutral
JJA,1979,27.07,0.09,Neutral
JAS,1979,26.91,0.22,Neutral
ASO,1979,26.86,0.34,Neutral
SON,1979,26.96,0.47,Neutral
OND,1979,26.97,0.5,El Niño
NDJ,1979,27.07,0.64,El Niño
DJF,1980,27.09,0.62,El Niño
JFM,1980,27.14,0.47,Neutral
FMA,1980,27.37,0.35,Neutral
MAM,1980,27.67,0.34,Neutral
AMJ,1980,27.9,0.45,Neutral
MJJ,1980,27.68,0.4,Neutral
JJA,1980,27.16,0.18,Neutral
JAS,1980,26.62,-0.06,Neutral
ASO,1980,26.36,-0.17,Neutral
SON,1980,26.42,-0.07,Neutral
OND,1980,26.55,0.08,Neutral
NDJ,1980,26.44,-0.05,Neutral
DJF,1981,26.31,-0.27,Neutral
JFM,1981,26.4,-0.42,Neutral
FMA,1981,26.76,-0.41,Neutral
MAM,1981,27.21,-0.27,Neutral
AMJ,1981,27.3,-0.28,Neutral
MJJ,1981,27.12,-0.27,Neutral
JJA,1981,26.77,-0.28,Neutral
JAS,1981,26.51,-0.23,Neutral
ASO,1981,26.49,-0.08,Neutral
SON,1981,26.38,-0.16,Neutral
OND,1981,26.34,-0.19,Neutral
NDJ,1981,26.4,-0.14,Neutral
DJF,1982,26.55,-0.05,Neutral
JFM,1982,26.83,0.02,Neutral
FMA,1982,27.23,0.07,Neutral
MAM,1982,27.82,0.34,Neutral
AMJ,1982,28.23,0.65,El Niño
MJJ,1982,28.12,0.73,El Niño
JJA,1982,27.82,0.78,El Niño
JAS,1982,27.72,0.99,El Niño
ASO,1982,28.02,1.45,El Niño
SON,1982,28.36,1.82,El Niño
OND,1982,28.56,2.03,El Niño
NDJ,1982,28.66,2.12,El Niño
DJF,1983,28.74,2.14,El Niño
JFM,1983,28.73,1.91,El Niño
FMA,1983,28.69,1.52,El Niño
MAM,1983,28.7,1.23,El Niño
AMJ,1983,28.53,0.95,El Niño
MJJ,1983,28.01,0.62,El Niño
JJA,1983,27.29,0.25,Neutral
JAS,1983,26.67,-0.06,Neutral
ASO,1983,26.14,-0.43,Neutral
SON,1983,25.78,-0.76,La Niña
OND,1983,25.56,-0.96,La Niña
NDJ,1983,25.65,-0.89,La Niña
DJF,1984,25.97,-0.63,La Niña
JFM,1984,26.3,-0.51,La Niña
FMA,1984,26.78,-0.38,Neutral
MAM,1984,27.0,-0.47,Neutral
AMJ,1984,27.04,-0.55,La Niña
MJJ,1984,26.87,-0.52,La Niña
JJA,1984,26.65,-0.39,Neutral
JAS,1984,26.51,-0.22,Neutral
ASO,1984,26.25,-0.32,Neutral
SON,1984,25.92,-0.62,La Niña
OND,1984,25.57,-0.95,La Niña
NDJ,1984,25.48,-1.06,La Niña
DJF,1985,25.59,-1.01,La Niña
JFM,1985,25.95,-0.86,La Niña
FMA,1985,26.31,-0.85,La Niña
MAM,1985,26.67,-0.8,La Niña
AMJ,1985,26.8,-0.79,La Niña
MJJ,1985,26.79,-0.6,La Niña
JJA,1985,26.6,-0.44,Neutral
JAS,1985,26.41,-0.33,Neutral
ASO,1985,26.26,-0.31,Neutral
SON,1985,26.24,-0.3,Neutral
OND,1985,26.25,-0.28,Neutral
NDJ,1985,26.15,-0.36,Neutral
DJF,1986,26.15,-0.4,Neutral
JFM,1986,26.38,-0.38,Neutral
FMA,1986,26.89,-0.25,Neutral
MAM,1986,27.31,-0.17,Neutral
AMJ,1986,27.5,-0.09,Neutral
MJJ,1986,27.42,0.02,Neutral
JJA,1986,27.29,0.24,Neutral
JAS,1986,27.22,0.46,Neutral
ASO,1986,27.24,0.64,El Niño
SON,1986,27.42,0.86,El Niño
OND,1986,27.57,1.06,El Niño
NDJ,1986,27.69,1.21,El Niño
DJF,1987,27.72,1.18,El Niño
JFM,1987,27.89,1.13,El Niño
FMA,1987,28.16,1.02,El Niño
MAM,1987,28.42,0.94,El Niño
AMJ,1987,28.53,0.95,El Niño
MJJ,1987,28.51,1.11,El Niño
JJA,1987,28.35,1.3,El Niño
JAS,1987,28.23,1.46,El Niño
ASO,1987,28.1,1.49,El Niño
SON,1987,27.97,1.41,El Niño
OND,1987,27.72,1.2,El Niño
NDJ,1987,27.49,1.0,El Niño
DJF,1988,27.17,0.63,El Niño
JFM,1988,27.13,0.37,Neutral
FMA,1988,27.11,-0.03,Neutral
MAM,1988,27.03,-0.45,Neutral
AMJ,1988,26.6,-0.99,La Niña
MJJ,1988,26.09,-1.3,La Niña
JJA,1988,25.75,-1.3,La Niña
JAS,1988,25.63,-1.14,La Niña
ASO,1988,25.34,-1.27,La Niña
SON,1988,25.01,-1.54,La Niña
OND,1988,24.7,-1.81,La Niña
NDJ,1988,24.64,-1.85,La Niña
DJF,1989,24.91,-1.64,La Niña
JFM,1989,25.39,-1.38,La Niña
FMA,1989,26.05,-1.09,La Niña
MAM,1989,26.63,-0.85,La Niña
AMJ,1989,26.98,-0.61,La Niña
MJJ,1989,27.0,-0.4,Neutral
JJA,1989,26.68,-0.37,Neutral
JAS,1989,26.41,-0.36,Neutral
ASO,1989,26.28,-0.33,Neutral
SON,1989,26.31,-0.25,Neutral
OND,1989,26.39,-0.12,Neutral
NDJ,1989,26.45,-0.04,Neutral
DJF,1990,26.73,0.18,Neutral
JFM,1990,26.95,0.19,Neutral
FMA,1990,27.44,0.3,Neutral
MAM,1990,27.75,0.27,Neutral
AMJ,1990,27.84,0.25,Neutral
MJJ,1990,27.65,0.25,Neutral
JJA,1990,27.31,0.26,Neutral
JAS,1990,27.08,0.32,Neutral
ASO,1990,26.92,0.31,Neutral
SON,1990,26.83,0.27,Neutral
OND,1990,26.82,0.31,Neutral
NDJ,1990,26.88,0.34,Neutral
DJF,1991,26.99,0.35,Neutral
JFM,1991,27.16,0.26,Neutral
FMA,1991,27.5,0.23,Neutral
MAM,1991,27.9,0.29,Neutral
AMJ,1991,28.21,0.49,Neutral
MJJ,1991,28.18,0.63,El Niño
JJA,1991,27.97,0.77,El Niño
JAS,1991,27.6,0.67,El Niño
ASO,1991,27.49,0.72,El Niño
SON,1991,27.57,0.83,El Niño
OND,1991,27.89,1.18,El Niño
NDJ,1991,28.09,1.43,El Niño
DJF,1992,28.24,1.54,El Niño
JFM,1992,28.4,1.5,El Niño
FMA,1992,28.67,1.4,El Niño
MAM,1992,28.91,1.3,El Niño
AMJ,1992,28.8,1.08,El Niño
MJJ,1992,28.27,0.72,El Niño
JJA,1992,27.55,0.35,Neutral
JAS,1992,27.0,0.08,Neutral
ASO,1992,26.63,-0.15,Neutral
SON,1992,26.52,-0.22,Neutral
OND,1992,26.47,-0.24,Neutral
NDJ,1992,26.62,-0.05,Neutral
DJF,1993,26.82,0.13,Neutral
JFM,1993,27.21,0.31,Neutral
FMA,1993,27.76,0.5,El Niño
MAM,1993,28.34,0.73,El Niño
AMJ,1993,28.48,0.76,El Niño
MJJ,1993,28.11,0.56,El Niño
JJA,1993,27.48,0.28,Neutral
JAS,1993,27.14,0.22,Neutral
ASO,1993,26.98,0.2,Neutral
SON,1993,26.95,0.2,Neutral
OND,1993,26.9,0.2,Neutral
NDJ,1993,26.85,0.19,Neutral
DJF,1994,26.77,0.07,Neutral
JFM,1994,26.9,0.0,Neutral
FMA,1994,27.31,0.04,Neutral
MAM,1994,27.78,0.17,Neutral
AMJ,1994,27.97,0.25,Neutral
MJJ,1994,27.78,0.23,Neutral
JJA,1994,27.51,0.3,Neutral
JAS,1994,27.22,0.3,Neutral
ASO,1994,27.25,0.47,Neutral
SON,1994,27.4,0.66,El Niño
OND,1994,27.64,0.93,El Niño
NDJ,1994,27.64,0.97,El Niño
DJF,1995,27.58,0.88,El Niño
JFM,1995,27.56,0.65,El Niño
FMA,1995,27.73,0.46,Neutral
MAM,1995,27.8,0.19,Neutral
AMJ,1995,27.75,0.03,Neutral
MJJ,1995,27.43,-0.11,Neutral
JJA,1995,26.91,-0.3,Neutral
JAS,1995,26.38,-0.55,La Niña
ASO,1995,25.97,-0.81,La Niña
SON,1995,25.78,-0.97,La Niña
OND,1995,25.66,-1.05,La Niña
NDJ,1995,25.64,-1.01,La Niña
DJF,1996,25.78,-0.88,La Niña
JFM,1996,26.15,-0.7,La Niña
FMA,1996,26.72,-0.52,La Niña
MAM,1996,27.25,-0.36,Neutral
AMJ,1996,27.48,-0.25,Neutral
MJJ,1996,27.3,-0.24,Neutral
JJA,1996,26.99,-0.22,Neutral
JAS,1996,26.65,-0.27,Neutral
ASO,1996,26.45,-0.3,Neutral
SON,1996,26.35,-0.33,Neutral
OND,1996,26.24,-0.39,Neutral
NDJ,1996,26.18,-0.41,Neutral
DJF,1997,26.23,-0.41,Neutral
JFM,1997,26.59,-0.26,Neutral
FMA,1997,27.21,-0.03,Neutral
MAM,1997,27.9,0.3,Neutral
AMJ,1997,28.44,0.71,El Niño
MJJ,1997,28.67,1.13,El Niño
JJA,1997,28.69,1.48,El Niño
JAS,1997,28.7,1.79,El Niño
ASO,1997,28.78,2.04,El Niño
SON,1997,28.92,2.24,El Niño
OND,1997,28.97,2.34,El Niño
NDJ,1997,28.96,2.37,El Niño
DJF,1998,28.85,2.22,El Niño
JFM,1998,28.76,1.91,El Niño
FMA,1998,28.64,1.4,El Niño
MAM,1998,28.63,1.03,El Niño
AMJ,1998,28.13,0.4,Neutral
MJJ,1998,27.46,-0.08,Neutral
JJA,1998,26.57,-0.63,La Niña
JAS,1998,26.08,-0.83,La Niña
ASO,1998,25.73,-1.02,La Niña
SON,1998,25.56,-1.12,La Niña
OND,1998,25.32,-1.31,La Niña
NDJ,1998,25.12,-1.47,La Niña
DJF,1999,25.12,-1.51,La Niña
JFM,1999,25.6,-1.25,La Niña
FMA,1999,26.31,-0.93,La Niña
MAM,1999,26.8,-0.8,La Niña
AMJ,1999,26.94,-0.79,La Niña
MJJ,1999,26.7,-0.84,La Niña
JJA,1999,26.3,-0.9,La Niña
JAS,1999,25.97,-0.94,La Niña
ASO,1999,25.75,-1.0,La Niña
SON,1999,25.55,-1.13,La Niña
OND,1999,25.27,-1.35,La Niña
NDJ,1999,25.06,-1.53,La Niña
DJF,2000,25.17,-1.47,La Niña
JFM,2000,25.59,-1.26,La Niña
FMA,2000,26.26,-0.98,La Niña
MAM,2000,26.79,-0.81,La Niña
AMJ,2000,27.06,-0.67,La Niña
MJJ,2000,26.92,-0.62,La Niña
JJA,2000,26.73,-0.48,Neutral
JAS,2000,26.52,-0.4,Neutral
ASO,2000,26.33,-0.42,Neutral
SON,2000,26.14,-0.54,La Niña
OND,2000,25.87,-0.76,La Niña
NDJ,2000,25.78,-0.78,La Niña
DJF,2001,25.82,-0.76,La Niña
JFM,2001,26.25,-0.54,La Niña
FMA,2001,26.79,-0.43,Neutral
MAM,2001,27.34,-0.29,Neutral
AMJ,2001,27.59,-0.19,Neutral
MJJ,2001,27.53,-0.08,Neutral
JJA,2001,27.24,-0.05,Neutral
JAS,2001,26.86,-0.13,Neutral
ASO,2001,26.67,-0.15,Neutral
SON,2001,26.52,-0.26,Neutral
OND,2001,26.4,-0.33,Neutral
NDJ,2001,26.32,-0.32,Neutral
DJF,2002,26.46,-0.15,Neutral
JFM,2002,26.86,0.07,Neutral
FMA,2002,27.34,0.11,Neutral
MAM,2002,27.78,0.15,Neutral
AMJ,2002,28.08,0.3,Neutral
MJJ,2002,28.05,0.45,Neutral
JJA,2002,27.85,0.57,El Niño
JAS,2002,27.62,0.63,El Niño
ASO,2002,27.6,0.78,El Niño
SON,2002,27.77,0.99,El Niño
OND,2002,27.92,1.19,El Niño
NDJ,2002,27.72,1.08,El Niño
DJF,2003,27.51,0.9,El Niño
JFM,2003,27.39,0.59,El Niño
FMA,2003,27.61,0.38,Neutral
MAM,2003,27.62,-0.01,Neutral
AMJ,2003,27.6,-0.18,Neutral
MJJ,2003,27.47,-0.13,Neutral
JJA,2003,27.38,0.09,Neutral
JAS,2003,27.13,0.14,Neutral
ASO,2003,27.05,0.23,Neutral
SON,2003,27.0,0.23,Neutral
OND,2003,27.02,0.29,Neutral
NDJ,2003,26.93,0.29,Neutral
DJF,2004,26.95,0.34,Neutral
JFM,2004,27.06,0.27,Neutral
FMA,2004,27.41,0.19,Neutral
MAM,2004,27.72,0.1,Neutral
AMJ,2004,27.9,0.12,Neutral
MJJ,2004,27.83,0.22,Neutral
JJA,2004,27.67,0.39,Neutral
JAS,2004,27.53,0.54,El Niño
ASO,2004,27.4,0.58,El Niño
SON,2004,27.38,0.61,El Niño
OND,2004,27.37,0.64,El Niño
NDJ,2004,27.34,0.71,El Niño
DJF,2005,27.23,0.62,El Niño
JFM,2005,27.35,0.55,El Niño
FMA,2005,27.62,0.4,Neutral
MAM,2005,27.99,0.37,Neutral
AMJ,2005,28.05,0.27,Neutral
MJJ,2005,27.7,0.09,Neutral
JJA,2005,27.24,-0.04,Neutral
JAS,2005,26.85,-0.14,Neutral
ASO,2005,26.71,-0.11,Neutral
SON,2005,26.5,-0.27,Neutral
OND,2005,26.16,-0.57,La Niña
NDJ,2005,25.86,-0.82,La Niña
DJF,2006,25.83,-0.86,La Niña
JFM,2006,26.11,-0.8,La Niña
FMA,2006,26.71,-0.63,La Niña
MAM,2006,27.28,-0.45,Neutral
AMJ,2006,27.69,-0.19,Neutral
MJJ,2006,27.63,-0.05,Neutral
JJA,2006,27.45,0.12,Neutral
JAS,2006,27.32,0.33,Neutral
ASO,2006,27.34,0.54,El Niño
SON,2006,27.47,0.71,El Niño
OND,2006,27.6,0.88,El Niño
NDJ,2006,27.55,0.88,El Niño
DJF,2007,27.3,0.62,El Niño
JFM,2007,27.1,0.19,Neutral
FMA,2007,27.22,-0.12,Neutral
MAM,2007,27.41,-0.32,Neutral
AMJ,2007,27.54,-0.34,Neutral
MJJ,2007,27.27,-0.41,Neutral
JJA,2007,26.84,-0.49,Neutral
JAS,2007,26.22,-0.77,La Niña
ASO,2007,25.75,-1.05,La Niña
SON,2007,25.38,-1.38,La Niña
OND,2007,25.15,-1.57,La Niña
NDJ,2007,24.95,-1.72,La Niña
DJF,2008,24.92,-1.76,La Niña
JFM,2008,25.29,-1.61,La Niña
FMA,2008,25.97,-1.37,La Niña
MAM,2008,26.69,-1.05,La Niña
AMJ,2008,27.03,-0.85,La Niña
MJJ,2008,27.13,-0.56,La Niña
JJA,2008,26.99,-0.33,Neutral
JAS,2008,26.78,-0.2,Neutral
ASO,2008,26.55,-0.25,Neutral
SON,2008,26.4,-0.36,Neutral
OND,2008,26.15,-0.57,La Niña
NDJ,2008,25.87,-0.79,La Niña
DJF,2009,25.79,-0.89,La Niña
JFM,2009,26.07,-0.84,La Niña
FMA,2009,26.71,-0.63,La Niña
MAM,2009,27.38,-0.35,Neutral
AMJ,2009,27.91,0.03,Neutral
MJJ,2009,28.03,0.34,Neutral
JJA,2009,27.82,0.5,El Niño
JAS,2009,27.55,0.56,El Niño
ASO,2009,27.46,0.66,El Niño
SON,2009,27.68,0.92,El Niño
OND,2009,28.02,1.31,El Niño
NDJ,2009,28.16,1.5,El Niño
DJF,2010,28.15,1.47,El Niño
JFM,2010,28.11,1.21,El Niño
FMA,2010,28.22,0.88,El Niño
MAM,2010,28.11,0.38,Neutral
AMJ,2010,27.72,-0.16,Neutral
MJJ,2010,27.03,-0.66,La Niña
JJA,2010,26.34,-0.98,La Niña
JAS,2010,25.74,-1.24,La Niña
ASO,2010,25.37,-1.43,La Niña
SON,2010,25.21,-1.54,La Niña
OND,2010,25.14,-1.57,La Niña
NDJ,2010,25.14,-1.48,La Niña
DJF,2011,25.28,-1.29,La Niña
JFM,2011,25.72,-1.06,La Niña
FMA,2011,26.37,-0.85,La Niña
MAM,2011,26.95,-0.68,La Niña
AMJ,2011,27.29,-0.5,La Niña
MJJ,2011,27.29,-0.34,Neutral
JJA,2011,26.92,-0.37,Neutral
JAS,2011,26.45,-0.5,La Niña
ASO,2011,26.0,-0.76,La Niña
SON,2011,25.77,-0.94,La Niña
OND,2011,25.63,-1.02,La Niña
NDJ,2011,25.64,-0.92,La Niña
DJF,2012,25.84,-0.71,La Niña
JFM,2012,26.22,-0.56,La Niña
FMA,2012,26.79,-0.44,Neutral
MAM,2012,27.29,-0.35,Neutral
AMJ,2012,27.62,-0.18,Neutral
MJJ,2012,27.66,0.03,Neutral
JJA,2012,27.57,0.28,Neutral
JAS,2012,27.35,0.39,Neutral
ASO,2012,27.13,0.37,Neutral
SON,2012,26.99,0.28,Neutral
OND,2012,26.78,0.13,Neutral
NDJ,2012,26.53,-0.03,Neutral
DJF,2013,26.3,-0.24,Neutral
JFM,2013,26.5,-0.28,Neutral
FMA,2013,27.0,-0.23,Neutral
MAM,2013,27.43,-0.2,Neutral
AMJ,2013,27.49,-0.3,Neutral
MJJ,2013,27.24,-0.38,Neutral
JJA,2013,26.84,-0.45,Neutral
JAS,2013,26.61,-0.34,Neutral
ASO,2013,26.45,-0.32,Neutral
SON,2013,26.57,-0.14,Neutral
OND,2013,26.53,-0.12,Neutral
NDJ,2013,26.45,-0.11,Neutral
DJF,2014,26.31,-0.24,Neutral
JFM,2014,26.57,-0.21,Neutral
FMA,2014,27.21,-0.02,Neutral
MAM,2014,27.88,0.25,Neutral
AMJ,2014,28.14,0.35,Neutral
MJJ,2014,27.84,0.22,Neutral
JJA,2014,27.36,0.07,Neutral
JAS,2014,27.03,0.07,Neutral
ASO,2014,27.0,0.24,Neutral
SON,2014,27.22,0.51,El Niño
OND,2014,27.35,0.7,El Niño
NDJ,2014,27.36,0.8,El Niño
DJF,2015,27.28,0.73,El Niño
JFM,2015,27.43,0.65,El Niño
FMA,2015,27.95,0.72,El Niño
MAM,2015,28.49,0.86,El Niño
AMJ,2015,28.83,1.04,El Niño
MJJ,2015,28.82,1.19,El Niño
JJA,2015,28.73,1.44,El Niño
JAS,2015,28.69,1.73,El Niño
ASO,2015,28.79,2.02,El Niño
SON,2015,28.99,2.28,El Niño
OND,2015,29.1,2.45,El Niño
NDJ,2015,29.15,2.59,El Niño
DJF,2016,29.05,2.5,El Niño
JFM,2016,28.99,2.21,El Niño
FMA,2016,28.92,1.69,El Niño
MAM,2016,28.74,1.11,El Niño
AMJ,2016,28.37,0.57,El Niño
MJJ,2016,27.72,0.09,Neutral
JJA,2016,27.1,-0.19,Neutral
JAS,2016,26.62,-0.34,Neutral
ASO,2016,26.34,-0.42,Neutral
SON,2016,26.2,-0.51,La Niña
OND,2016,26.16,-0.49,Neutral
NDJ,2016,26.19,-0.37,Neutral
DJF,2017,26.47,-0.08,Neutral
JFM,2017,26.86,0.08,Neutral
FMA,2017,27.5,0.27,Neutral
MAM,2017,27.95,0.32,Neutral
AMJ,2017,28.15,0.35,Neutral
MJJ,2017,27.94,0.32,Neutral
JJA,2017,27.43,0.14,Neutral
JAS,2017,26.89,-0.07,Neutral
ASO,2017,26.54,-0.23,Neutral
SON,2017,26.27,-0.44,Neutral
OND,2017,26.04,-0.61,La Niña
NDJ,2017,25.8,-0.76,La Niña
DJF,2018,25.83,-0.71,La Niña
JFM,2018,26.11,-0.67,La Niña
FMA,2018,26.68,-0.55,La Niña
MAM,2018,27.28,-0.35,Neutral
AMJ,2018,27.72,-0.07,Neutral
MJJ,2018,27.76,0.13,Neutral
JJA,2018,27.49,0.2,Neutral
JAS,2018,27.25,0.3,Neutral
ASO,2018,27.28,0.52,El Niño
SON,2018,27.53,0.82,El Niño
OND,2018,27.69,1.04,El Niño
NDJ,2018,27.61,1.05,El Niño
DJF,2019,27.54,0.99,El Niño
JFM,2019,27.72,0.94,El Niño
FMA,2019,28.1,0.87,El Niño
MAM,2019,28.45,0.82,El Niño
AMJ,2019,28.5,0.71,El Niño
MJJ,2019,28.21,0.59,El Niño
JJA,2019,27.67,0.38,Neutral
JAS,2019,27.16,0.2,Neutral
ASO,2019,27.07,0.31,Neutral
SON,2019,27.22,0.51,El Niño
OND,2019,27.37,0.72,El Niño
NDJ,2019,27.31,0.75,El Niño
DJF,2020,27.25,0.71,El Niño
JFM,2020,27.44,0.66,El Niño
FMA,2020,27.8,0.57,El Niño
MAM,2020,27.97,0.33,Neutral
AMJ,2020,27.83,0.04,Neutral
MJJ,2020,27.45,-0.18,Neutral
JJA,2020,27.0,-0.29,Neutral
JAS,2020,26.52,-0.43,Neutral
ASO,2020,25.99,-0.77,La Niña
SON,2020,25.71,-1.0,La Niña
OND,2020,25.54,-1.11,La Niña
NDJ,2020,25.5,-1.06,La Niña
DJF,2021,25.55,-0.99,La Niña
JFM,2021,25.92,-0.85,La Niña
FMA,2021,26.48,-0.74,La Niña
MAM,2021,27.07,-0.56,La Niña
AMJ,2021,27.39,-0.4,Neutral
MJJ,2021,27.31,-0.31,Neutral
JJA,2021,26.95,-0.35,Neutral
JAS,2021,26.49,-0.46,Neutral
ASO,2021,26.13,-0.64,La Niña
SON,2021,25.94,-0.77,La Niña
OND,2021,25.74,-0.91,La Niña
NDJ,2021,25.73,-0.83,La Niña
DJF,2022,25.79,-0.76,La Niña
JFM,2022,26.09,-0.68,La Niña
FMA,2022,26.46,-0.77,La Niña
MAM,2022,26.77,-0.86,La Niña
AMJ,2022,26.96,-0.83,La Niña
MJJ,2022,26.9,-0.73,La Niña
JJA,2022,26.59,-0.7,La Niña
JAS,2022,26.18,-0.78,La Niña
ASO,2022,25.89,-0.87,La Niña
SON,2022,25.82,-0.89,La Niña
OND,2022,25.83,-0.82,La Niña
NDJ,2022,25.86,-0.7,La Niña
DJF,2023,26.0,-0.55,La Niña
JFM,2023,26.45,-0.33,Neutral
FMA,2023,27.12,-0.11,Neutral
MAM,2023,27.82,0.19,Neutral
AMJ,2023,28.25,0.46,Neutral
MJJ,2023,28.36,0.73,El Niño
JJA,2023,28.29,1.0,El Niño
JAS,2023,28.21,1.25,El Niño
ASO,2023,28.26,1.5,El Niño
SON,2023,28.45,1.74,El Niño
OND,2023,28.55,1.9,El Niño
NDJ,2023,28.55,1.99,El Niño
DJF,2024,28.38,1.84,El Niño
JFM,2024,28.3,1.53,El Niño
FMA,2024,28.4,1.18,El Niño
MAM,2024,28.4,0.77,El Niño
AMJ,2024,28.23,0.43,Neutral
MJJ,2024,27.8,0.18,Neutral
JJA,2024,27.35,0.06,Neutral
JAS,2024,26.92,-0.04,Neutral
ASO,2024,26.64,-0.12,Neutral
SON,2024,26.52,-0.19,Neutral
OND,2024,26.35,-0.29,Neutral
NDJ,2024,26.13,-0.43,Neutral
DJF,2025,26.09,-0.46,Neutral
JFM,2025,26.56,-0.22,Neutral
FMA,2025,27.15,-0.08,Neutral
MAM,2025,27.65,0.02,Neutral
AMJ,2025,27.76,-0.04,Neutral
MJJ,2025,27.61,-0.02,Neutral
JJA,2025,27.18,-0.11,Neutral
JAS,2025,26.7,-0.26,Neutral
ASO,2025,26.33,-0.43,Neutral
SON,2025,26.14,-0.57,La Niña
OND,2025,26.04,-0.61,La Niña
NDJ,2025,25.96,-0.6,La Niña
DJF,2026,26.15,-0.39,Neutral
JFM,2026,26.57,-0.21,Neutral
FMA,2026,27.34,0.11,Neutral
MAM,2026,28.09,0.46,Neutral
AMJ,2026,28.74,0.95,El Niño
MJJ,2026,29.02,1.39,El Niño
JJA,2026,29.09,1.8,El Niño
