location,country,latitude,longitude,year,lst_celsius,heat_risk
Nanded,India,19.1383,77.321,2026,25.87,Low
Pulivendula,India,14.4167,78.2333,2026,32.59,Medium
Kadiri,India,14.1167,78.1667,2026,28.39,Low
Pavagada,India,14.1,77.2833,2026,27.19,Low
Penukonda,India,14.0833,77.6,2026,28.91,Low
Vayalpad,India,13.65,78.63,2026,30.79,Medium
Madanapalle,India,13.556,78.501,2026,29.21,Low
Chikkaballapur,India,13.4355,77.7275,2026,23.21,Low
Punganur,India,13.3667,78.5833,2026,29.81,Low
Tumakuru,India,13.3422,77.1017,2026,23.69,Low
Nagari,India,13.33,79.58,2026,32.25,Medium
Chikkamagaluru,India,13.3153,75.7754,2026,21.71,Low
Palamaner,India,13.2,78.75,2026,29.87,Low
Kolar,India,13.1367,78.1292,2026,26.83,Low
Ranipet,India,12.9272,79.333,2026,28.99,Low
Vellore,India,12.9165,79.1325,2026,32.21,Medium
Kuppam,India,12.75,78.37,2026,30.13,Medium
Chengalpattu,India,12.6841,79.9836,2026,31.43,Medium
Madurantakam,India,12.509,79.885,2026,34.25,Medium
Tirupathur,India,12.4958,78.5678,2026,33.33,Medium
Melmaruvathur,India,12.4333,79.8333,2026,34.65,Medium
Pochampalli,India,12.33,78.37,2026,31.39,Medium
Hunsur,India,12.3167,76.2833,2026,23.47,Low
Mysuru,India,12.2958,76.6394,2026,26.53,Low
Uthangarai,India,12.26,78.53,2026,34.23,Medium
Tiruvannamalai,India,12.2253,79.0747,2026,34.67,Medium
Pennagaram,India,12.1333,77.9,2026,33.37,Medium
Dharmapuri,India,12.1211,78.1582,2026,31.59,Medium
Tirukkoyilur,India,11.9567,79.2,2026,34.39,Medium
Chamarajanagar,India,11.9261,76.9437,2026,32.07,Medium
Mettur,India,11.7962,77.8,2026,31.31,Medium
Cuddalore,India,11.748,79.7714,2026,30.31,Medium
Kallakurichi,India,11.7381,78.9639,2026,33.55,Medium
Ulundurpet,India,11.6833,79.2833,2026,30.75,Medium
Salem,India,11.6643,78.146,2026,31.51,Medium
Attur,India,11.5977,78.5967,2026,32.61,Medium
Sathyamangalam,India,11.5042,77.2386,2026,31.11,Medium
Sankari,India,11.4833,77.8667,2026,30.15,Medium
Rasipuram,India,11.4646,78.1772,2026,33.31,Medium
Gobichettipalayam,India,11.4542,77.4378,2026,33.03,Medium
Bhavani,India,11.4478,77.6833,2026,32.99,Medium
Kotagiri,India,11.4217,76.8667,2026,20.89,Low
Tiruchengode,India,11.38,77.89,2026,33.79,Medium
Coonoor,India,11.353,76.7959,2026,16.41,Low
Erode,India,11.341,77.7172,2026,34.33,Medium
Perambalur,India,11.2333,78.8833,2026,33.93,Medium
Namakkal,India,11.2189,78.1674,2026,34.39,Medium
Ariyalur,India,11.1401,79.0786,2026,31.89,Medium
Tiruppur,India,11.1085,77.3411,2026,33.63,Medium
Coimbatore,India,11.0168,76.9558,2026,32.89,Medium
Kangeyam,India,11.0051,77.5614,2026,34.79,Medium
Kumbakonam,India,10.9602,79.3845,2026,32.45,Medium
Karur,India,10.9601,78.0766,2026,34.35,Medium
Tiruchirappalli,India,10.7905,78.7047,2026,33.81,Medium
Thanjavur,India,10.787,79.1378,2026,34.09,Medium
Dharapuram,India,10.73,77.53,2026,34.15,Medium
Pollachi,India,10.6575,77.0082,2026,30.17,Medium
Udumalaipettai,India,10.5843,77.2483,2026,33.55,Medium
Palani,India,10.4509,77.5203,2026,34.89,Medium
Dindigul,India,10.3673,77.9803,2026,35.11,High
Nilakottai,India,10.1667,77.8667,2026,37.49,High
Periyakulam,India,10.1186,77.5458,2026,34.45,Medium
Usilampatti North,India,10.0208,77.8417,2026,40.23,Critical
Theni,India,10.0104,77.4768,2026,34.57,Medium
Bodinayakanur,India,10.0104,77.3486,2026,35.33,High
New York,USA,40.7128,-74.0060,2026,30.42,Medium
Phoenix,USA,33.4484,-112.0740,2026,42.85,Critical
Los Angeles,USA,34.0522,-118.2437,2026,33.15,Medium
Miami,USA,25.7617,-80.1918,2026,35.40,High
Chicago,USA,41.8781,-87.6298,2026,27.90,Low
São Paulo,Brazil,-23.5505,-46.6333,2026,32.60,Medium
Rio de Janeiro,Brazil,-22.9068,-43.1729,2026,36.20,High
Manaus,Brazil,-3.1190,-60.0217,2026,34.80,Medium
Buenos Aires,Argentina,-34.6037,-58.3816,2026,29.10,Low
London,UK,51.5074,-0.1278,2026,26.40,Low
Paris,France,48.8566,2.3522,2026,29.50,Low
Madrid,Spain,40.4168,-3.7038,2026,38.10,High
Rome,Italy,41.9028,12.4964,2026,34.20,Medium
Athens,Greece,37.9838,23.7275,2026,37.80,High
Cairo,Egypt,30.0444,31.2357,2026,41.50,Critical
Nairobi,Kenya,-1.2921,36.8219,2026,26.80,Low
Lagos,Nigeria,6.5244,3.3792,2026,33.90,Medium
Johannesburg,South Africa,-26.2041,28.0473,2026,25.40,Low
Sydney,Australia,-33.8688,151.2093,2026,28.70,Low
Melbourne,Australia,-37.8136,144.9631,2026,26.10,Low
Darwin,Australia,-12.4634,130.8456,2026,37.20,High
Perth,Australia,-31.9505,115.8605,2026,35.80,High
Tokyo,Japan,35.6762,139.6503,2026,31.20,Medium
Singapore,Singapore,1.3521,103.8198,2026,33.50,Medium
Bangkok,Thailand,13.7563,100.5018,2026,38.60,High
Jakarta,Indonesia,-6.2088,106.8456,2026,34.10,Medium
Beijing,China,39.9042,116.4074,2026,32.30,Medium
Dubai,UAE,25.2048,55.2708,2026,43.20,Critical
Riyadh,Saudi Arabia,24.7136,46.6753,2026,44.50,Critical
Delhi,India,28.6139,77.2090,2026,41.80,Critical
Mumbai,India,19.0760,72.8777,2026,34.50,Medium
Chennai,India,13.0827,80.2707,2026,36.90,High
Kolkata,India,22.5726,88.3639,2026,35.60,High
Bengaluru,India,12.9716,77.5946,2026,31.20,Medium
